age,income_lpa,family_size,marital_status,home_lat,home_lon,visits_last_30d,days_since_last_visit,dwell_time_mins,downloads,companion_flag,broker_flag,open_house_flag,finance_brochure_flag
38,27.0,2,single,19.17684,72.81864,1,4,26.8,1,1,0,0,0
33,24.6,1,married,19.13041,72.89962,0,2,5.1,0,0,1,0,1
40,20.3,2,married,19.30036,72.93458,2,5,30.6,1,0,0,0,1
47,16.8,1,single,18.92206,72.66284,3,3,12.1,2,1,0,0,0
33,23.5,4,married,19.19592,72.87919,2,0,0.4,0,0,0,0,0
33,22.0,4,married,19.18464,72.89581,2,36,23.7,2,0,0,1,0
47,24.5,1,single,18.97266,72.85225,1,0,6.6,0,0,0,0,0
41,23.2,5,married,19.17071,73.00913,0,20,6.2,1,0,0,0,1
31,25.2,3,single,19.10361,72.92218,2,2,8.4,2,0,1,0,1
39,17.3,2,married,19.04725,73.01102,3,36,1.6,1,0,1,0,0
31,26.6,1,single,18.98761,72.8584,3,33,6.3,2,0,0,0,0
31,21.0,3,married,18.99809,72.97375,3,16,17.8,1,0,0,1,0
36,30.4,3,single,19.27498,73.04351,3,17,0.2,2,0,0,0,0
21,16.6,3,married,19.07007,73.01117,0,0,3.2,0,1,0,1,0
21,28.7,1,single,19.14821,72.77079,1,60,0.0,2,0,0,0,0
30,21.0,1,married,18.99091,72.85463,2,32,5.4,0,1,0,0,0
26,16.7,2,married,18.99201,72.84548,1,34,13.0,0,0,0,0,0
37,17.6,2,married,19.1782,72.92893,4,16,16.0,0,0,0,0,0
27,18.4,2,married,18.93504,72.94864,0,6,29.0,3,1,0,1,0
23,22.1,2,married,19.02848,72.79611,1,34,9.4,1,0,0,0,0
46,22.6,4,married,19.0734,72.88678,4,5,2.9,0,0,0,0,0
33,17.1,4,married,19.08114,72.67801,1,12,25.8,3,0,0,0,1
35,19.9,2,single,19.05209,73.02419,2,2,14.9,2,0,0,0,0
23,30.7,4,married,19.10958,72.82876,4,38,8.5,0,1,0,1,1
30,28.6,2,married,19.13929,72.88559,2,2,11.9,2,1,0,0,1
35,22.2,2,married,19.14346,72.84904,3,4,25.8,1,0,0,0,0
25,20.2,2,married,18.97142,72.9946,1,12,12.5,0,0,0,0,0
38,20.6,3,single,19.04158,72.59625,2,22,4.6,2,0,0,0,1
30,23.1,5,single,19.18948,72.87834,1,14,12.5,0,1,0,0,0
32,14.9,3,married,19.15946,72.86942,3,4,0.4,1,1,0,0,1
30,18.7,2,married,18.93271,72.83464,3,0,4.9,2,1,0,0,0
49,11.7,3,married,19.10515,73.05262,1,21,5.2,0,0,1,0,0
34,22.0,1,married,18.87218,72.79127,3,60,1.8,0,1,0,1,0
26,23.2,4,married,19.07469,72.95718,3,25,0.2,0,0,1,0,0
41,17.6,3,single,19.25978,72.91563,3,9,1.4,0,0,1,0,1
25,27.9,2,married,18.97521,73.00615,2,35,10.6,1,1,0,1,0
36,13.9,3,married,18.98657,72.81328,0,8,16.2,1,0,0,0,0
21,12.7,3,single,19.1464,72.8067,4,11,44.4,0,1,0,1,0
24,21.1,1,married,18.91572,72.98961,1,10,4.3,0,0,0,1,0
36,25.2,3,married,19.00672,72.92253,2,9,9.1,0,1,0,0,0
40,28.4,2,single,19.12964,72.72551,2,22,27.7,2,0,1,0,0
36,17.7,3,single,19.00657,72.82607,1,11,1.8,0,0,0,0,0
34,25.4,4,married,19.0464,72.91864,2,6,12.6,3,0,0,0,0
32,19.8,4,single,19.14442,72.96378,6,4,14.1,0,0,0,0,0
23,19.1,3,married,19.11215,72.81208,0,1,0.9,2,0,1,0,0
29,24.4,3,married,19.09668,72.58857,4,13,19.8,2,0,0,0,1
31,23.3,1,married,19.03609,72.93232,2,4,16.8,1,0,0,0,0
43,12.1,3,married,19.10701,72.75797,1,2,0.3,0,0,0,0,0
37,27.4,2,single,19.05763,72.67827,2,16,1.0,1,0,0,0,0
21,26.9,2,married,19.11578,72.59677,4,17,0.5,2,0,0,0,0
37,16.9,2,single,19.02031,72.9614,1,21,4.1,2,1,1,0,0
31,22.0,1,married,19.05174,72.89286,2,11,7.1,1,1,0,0,0
29,22.5,3,single,18.971,72.85743,2,34,7.6,1,0,1,0,0
39,21.3,1,married,19.0665,73.0189,5,41,3.1,1,0,0,0,0
43,17.2,3,single,18.9889,72.94373,1,25,24.3,1,1,1,0,0
42,16.6,2,single,18.9586,73.04163,0,15,4.6,2,0,0,0,0
28,19.9,1,single,19.09587,72.74073,2,5,0.5,1,0,0,0,0
32,25.9,3,single,19.09127,72.87654,1,60,3.6,0,0,1,0,1
37,22.7,1,married,19.14829,72.71833,0,5,7.6,0,0,0,0,0
42,18.1,2,single,19.02689,72.85706,1,3,5.2,0,0,0,0,0
31,23.9,3,married,19.11081,72.85514,1,9,3.2,0,0,0,0,0
33,5.8,1,married,19.12508,72.94266,2,1,1.4,2,0,0,0,0
26,25.7,4,married,19.11448,72.88456,2,58,17.1,3,0,0,0,0
25,11.3,1,single,18.98743,72.94234,2,13,55.6,0,0,0,0,0
41,18.2,2,single,19.08494,72.95034,0,12,4.0,1,0,0,0,0
45,14.4,3,married,19.10641,73.09549,3,16,4.8,0,0,0,1,0
34,13.5,2,single,19.07072,72.84847,1,10,9.6,0,0,0,0,1
43,25.8,1,single,18.86135,72.7859,1,0,12.7,0,1,0,0,0
37,17.7,2,married,19.08605,72.90461,3,14,5.0,0,0,0,0,0
29,21.7,2,married,19.29125,72.79977,1,19,23.5,1,0,1,0,0
37,19.8,4,married,19.034,73.0282,0,8,8.2,0,0,0,0,0
47,22.4,2,single,18.99719,72.85168,1,21,6.0,2,0,0,0,0
34,20.4,3,married,19.10733,72.82344,2,4,10.4,0,0,1,0,0
47,13.6,4,single,19.10124,72.83287,2,4,30.5,0,0,0,0,0
21,25.0,2,single,19.18927,72.95184,1,3,15.8,1,1,0,0,0
41,17.5,4,married,18.94421,72.86423,1,7,0.4,1,0,0,0,0
35,12.2,2,single,19.14314,72.81583,4,28,4.0,1,1,0,1,1
32,17.9,5,single,19.12904,73.04654,3,26,6.4,0,0,0,0,0
35,27.5,1,single,19.05579,72.79438,0,7,3.8,3,1,0,0,0
21,24.3,3,married,19.10387,72.88356,1,13,12.0,0,1,0,0,0
33,18.3,2,married,19.17295,72.94523,3,19,17.5,0,1,0,0,0
37,18.3,2,married,19.15723,72.71687,3,4,13.1,1,0,0,0,1
46,18.4,3,married,18.9557,72.92803,1,3,45.4,3,0,0,0,0
30,30.4,3,single,19.15202,72.77449,2,54,3.2,1,1,0,0,0
28,21.9,1,married,19.06353,72.96228,3,14,20.8,0,1,0,0,0
30,22.2,1,single,19.07729,72.78373,1,60,14.6,0,1,0,0,0
42,25.2,3,single,19.07732,72.94928,0,6,4.5,2,0,0,0,1
37,21.2,3,married,19.05498,72.99058,2,18,13.2,0,1,0,0,0
30,18.7,5,married,19.18917,72.96614,3,4,1.1,2,0,1,0,1
39,19.0,3,single,19.06163,72.90513,2,5,15.6,1,0,1,0,0
35,19.6,5,single,18.95805,72.85687,3,11,7.6,1,0,0,0,0
42,19.8,3,single,19.03065,72.82236,0,6,3.5,2,0,0,1,0
29,23.6,2,single,19.08787,73.0271,2,3,10.7,1,1,0,0,0
32,20.3,1,married,19.19292,72.81005,4,5,10.3,0,0,1,0,0
31,23.7,3,married,19.13031,72.77629,4,1,2.4,0,0,0,0,0
23,19.6,3,married,18.98495,72.94654,2,18,0.3,1,0,0,0,0
37,20.4,1,married,19.31852,72.80039,2,10,5.7,1,0,0,0,0
37,10.0,2,single,19.09648,72.78499,1,1,8.4,1,0,0,0,0
35,24.6,5,married,19.19754,72.73564,1,3,20.9,0,0,0,0,1
33,21.7,3,married,19.05483,72.83171,0,2,26.3,2,0,0,0,0
23,25.0,2,married,19.12334,72.87173,2,14,7.5,0,1,0,0,0
31,5.5,2,married,19.15395,72.90431,0,1,14.0,1,1,0,0,0
32,30.4,2,married,19.19182,72.97513,1,21,5.8,3,0,0,1,1
28,19.3,2,single,19.17574,72.93269,3,0,13.7,1,0,0,0,0
33,25.5,2,married,19.15722,72.86091,0,4,2.3,0,0,0,0,0
38,14.8,1,single,19.03849,72.86018,2,33,4.6,0,1,1,0,0
50,23.1,3,single,19.01283,72.93102,1,19,10.1,0,0,0,0,0
36,14.7,2,single,19.10326,73.00726,2,1,0.2,0,0,0,0,0
37,16.9,4,single,19.16331,72.89263,0,26,12.8,0,0,0,1,1
34,29.6,4,married,19.04773,72.83309,2,10,18.1,2,1,0,0,0
21,19.0,2,married,19.17652,72.78071,1,28,5.1,0,0,0,0,0
34,21.1,3,married,19.21526,72.73548,3,14,5.9,0,0,0,0,1
35,24.4,2,married,18.97837,72.94663,3,17,19.1,1,1,0,0,0
54,22.5,4,married,18.98631,72.9378,2,60,14.9,2,0,0,0,1
33,20.8,2,single,19.05596,72.93774,2,4,3.4,0,1,0,1,1
37,21.8,3,single,19.10076,72.86713,2,15,3.9,2,0,0,0,0
34,32.0,3,married,19.01754,73.02069,0,9,11.4,1,1,0,0,0
25,19.7,2,married,19.20522,72.83159,2,1,8.3,1,0,0,0,0
44,21.0,1,married,19.11241,72.97553,2,0,1.8,0,1,0,0,0
41,25.3,3,single,19.07394,72.87613,1,2,3.7,2,0,0,0,0
41,25.5,3,single,18.92641,72.81916,3,16,23.0,0,1,0,0,0
27,25.9,2,married,18.93842,72.93925,1,13,11.7,0,0,0,0,0
46,23.2,3,single,19.0981,72.92096,1,12,42.7,0,0,0,0,0
23,14.3,2,single,18.85674,72.9157,2,0,14.6,0,1,1,0,0
39,28.2,3,married,19.17126,72.88813,1,10,28.5,4,0,1,0,0
52,14.3,1,single,19.05418,72.87621,1,39,2.4,2,0,0,0,0
27,21.5,4,married,19.39431,73.11884,0,8,14.8,1,0,0,0,1
30,16.2,2,single,19.30079,72.99843,3,15,0.2,2,1,0,0,0
35,19.7,2,single,19.05186,72.95228,2,23,11.1,1,0,0,0,0
30,21.6,1,single,19.05937,72.89118,2,23,6.3,1,1,0,0,0
22,21.6,1,married,19.16956,72.98072,4,11,4.3,0,0,0,0,0
35,22.1,3,single,19.24032,72.9318,1,29,19.8,0,0,1,0,0
26,28.1,2,married,18.9062,72.88262,3,7,19.3,1,0,0,1,1
38,22.3,4,single,18.89136,72.84964,2,33,0.2,1,0,0,0,0
27,18.8,1,married,19.0078,72.87191,2,4,9.4,2,0,1,0,0
47,24.8,2,single,19.12827,72.56296,1,5,4.6,1,0,0,1,0
28,25.9,2,married,19.11969,72.90106,3,1,5.4,2,0,1,0,0
32,13.9,1,married,19.17698,72.83115,1,24,17.8,2,1,0,0,0
41,23.0,1,married,18.95003,73.03927,2,8,3.7,1,0,0,0,0
25,23.5,2,single,18.83839,72.88193,1,4,28.7,2,0,0,0,0
36,18.5,2,single,19.1558,72.7611,3,4,2.0,0,0,0,0,0
45,26.9,2,single,18.98718,72.87501,3,35,10.9,0,0,0,0,0
22,19.2,3,married,18.86815,72.77539,1,27,11.2,1,0,0,0,0
36,20.6,3,married,19.08451,72.92734,2,12,2.9,2,0,0,0,0
37,19.1,1,married,19.14932,72.90909,0,14,3.9,2,1,0,0,0
41,20.1,2,single,19.05779,72.97578,2,10,18.0,0,0,0,0,0
25,14.5,5,single,19.02422,72.80091,2,7,14.3,1,0,0,0,0
24,12.8,3,single,19.05406,72.8834,0,37,4.0,1,0,1,1,0
39,28.0,3,married,19.03294,72.7435,3,2,7.6,2,0,0,0,0
37,15.8,2,married,18.9352,72.95015,4,8,0.6,2,0,0,0,0
37,15.0,3,married,18.99853,72.93189,0,6,2.3,2,0,1,1,0
37,9.2,3,single,19.12213,72.92958,3,10,6.7,0,0,1,1,0
29,16.8,3,married,19.10217,72.88016,1,9,0.9,0,0,0,0,0
36,13.4,5,married,19.08681,72.92148,2,11,18.5,1,1,0,0,1
37,28.2,1,single,18.97049,73.04043,3,2,12.7,1,0,0,0,1
29,25.0,1,married,19.05185,72.85149,2,11,28.8,0,0,0,0,0
49,16.6,3,married,18.85229,72.89386,0,4,11.8,3,0,0,0,0
38,31.3,4,married,19.08785,72.77139,0,3,28.2,1,0,0,1,0
25,24.9,1,married,19.21289,72.79317,1,1,8.1,2,0,1,0,0
40,18.4,2,single,18.92259,72.88978,4,22,9.2,1,0,0,0,0
27,7.5,1,single,19.01141,72.99039,1,8,37.7,4,1,1,0,1
41,31.5,2,married,19.10291,72.85437,0,15,10.3,0,0,0,0,0
44,13.1,3,single,19.19528,72.85641,2,20,0.3,0,0,0,1,0
28,11.8,3,married,19.02518,72.83931,0,17,12.9,2,0,0,0,0
42,25.1,2,married,19.00077,72.82652,3,10,23.6,1,0,1,0,0
38,32.2,2,married,18.87311,72.9095,3,7,15.9,0,0,0,0,0
41,26.9,1,married,19.08034,72.73027,2,7,8.8,1,0,0,0,0
50,22.8,2,single,19.27421,73.00809,4,15,11.1,1,0,1,0,0
33,23.0,3,single,19.09774,72.81346,0,10,46.2,1,0,0,0,0
28,24.3,5,single,19.06777,72.95219,4,28,1.0,0,0,0,1,0
27,23.8,4,married,19.10221,72.753,1,31,11.0,2,1,1,0,0
28,21.4,1,single,19.06889,72.94688,2,3,3.3,0,0,1,0,1
34,20.5,4,single,18.9887,72.94719,1,2,10.2,1,0,0,0,0
37,19.7,3,married,19.15233,72.91842,1,15,9.4,2,1,0,0,0
37,16.2,3,married,19.09258,72.78056,4,5,1.7,1,1,0,0,0
41,18.6,2,single,19.07176,72.90495,0,0,2.3,0,1,0,0,0
35,11.5,2,single,18.97246,72.76169,0,33,9.7,1,0,0,0,0
46,19.5,2,married,19.20035,72.85472,3,4,1.4,1,1,0,0,0
32,15.1,1,single,19.13647,72.98294,1,40,3.1,1,0,0,0,0
56,14.5,2,single,19.01471,72.95967,2,19,18.0,0,0,0,0,0
40,20.9,2,single,19.17018,72.88152,1,22,4.0,1,0,0,0,0
28,27.0,2,married,19.02024,72.78252,2,3,6.7,1,1,0,0,0
26,24.6,3,single,18.9918,72.94456,3,4,28.3,0,0,0,0,1
38,12.1,2,married,18.99403,72.88194,3,11,2.6,2,0,0,0,1
33,15.1,1,married,18.89289,72.64797,1,3,4.9,2,0,0,0,1
40,24.7,5,married,19.11715,72.95826,1,5,9.3,0,0,0,0,0
38,15.1,4,single,18.88689,72.87758,1,6,14.1,1,1,0,1,1
34,18.9,3,married,18.94716,73.00025,2,3,23.2,1,0,0,0,0
28,22.8,5,married,18.86244,72.77047,2,3,24.7,0,0,0,0,0
22,15.2,3,married,19.06139,72.56233,4,23,15.0,1,1,0,0,0
31,20.5,5,married,19.05497,72.90791,4,3,2.6,1,0,0,0,0
41,13.3,1,married,19.03733,72.90916,4,0,0.3,4,0,0,0,0
36,17.0,2,married,18.96574,72.71093,2,15,4.8,0,1,0,1,0
25,21.6,2,married,18.95278,72.78215,2,56,1.5,1,1,1,1,0
36,12.0,1,married,19.11644,73.15552,0,6,12.4,1,1,0,0,0
38,22.2,1,single,19.01494,72.84944,2,2,10.8,2,0,0,0,0
27,19.9,3,single,19.10164,72.9531,1,13,0.4,0,0,0,0,0
36,22.8,3,single,18.98148,72.81493,2,36,18.1,1,0,0,0,0
35,21.1,3,married,19.08811,72.67097,2,23,2.9,0,0,0,0,0
25,26.8,1,married,19.20033,72.86297,1,15,5.7,0,0,0,0,1
37,20.6,4,married,19.12862,72.85344,5,6,11.0,4,0,0,1,0
39,17.9,3,married,19.02876,72.84001,1,12,5.6,1,1,0,0,0
43,20.6,2,married,19.09572,72.86854,3,1,5.8,0,0,0,0,0
43,22.7,3,married,19.04593,72.90643,2,17,0.7,0,0,0,0,0
23,20.2,2,single,19.07079,72.86499,3,19,5.1,2,0,0,0,0
27,20.2,2,married,19.03744,72.7536,4,50,14.5,2,0,0,0,0
39,16.5,4,single,19.05357,72.92862,1,5,24.7,1,1,0,1,1
39,16.7,2,single,19.09121,72.68506,0,0,5.3,2,0,0,0,0
39,13.0,2,single,18.97066,72.67496,4,12,5.5,0,0,0,0,0
65,28.7,4,single,18.96841,72.95392,3,18,12.1,2,0,1,0,0
39,13.8,3,married,18.93115,72.9307,1,23,28.6,2,0,0,0,0
44,16.5,1,married,18.90997,72.87426,2,3,3.1,2,0,0,1,0
42,16.4,1,single,18.94827,72.74046,4,5,5.8,0,1,0,0,0
40,24.5,1,married,19.08595,72.80921,3,11,15.9,0,0,0,1,0
32,18.5,3,married,18.98072,72.85373,1,6,9.4,3,0,0,0,0
41,26.2,2,single,19.12136,72.72041,0,30,1.2,0,0,1,0,0
28,16.6,1,married,19.07347,72.8061,4,10,9.9,0,1,1,0,0
33,21.4,5,single,18.87315,72.94523,1,24,2.1,2,1,0,0,0
31,15.8,3,married,19.1355,73.02273,1,13,7.1,0,0,0,0,0
35,30.7,2,married,19.15108,72.83806,3,22,7.5,2,0,0,0,0
53,14.1,3,single,18.97061,72.95565,3,6,20.9,1,1,0,0,0
21,21.5,3,single,19.11202,72.68859,2,27,6.2,0,1,0,0,0
40,23.2,1,married,18.98435,72.94595,0,5,3.3,0,1,0,1,0
22,22.1,2,married,19.07977,72.79961,3,12,2.6,1,1,0,1,0
31,19.1,4,single,18.94355,72.91073,1,4,20.7,0,0,0,0,0
43,19.4,2,married,18.89069,72.85522,1,10,1.9,0,0,0,1,0
35,20.2,3,married,19.03172,73.01204,2,6,5.5,3,1,0,0,0
26,19.3,2,married,19.05763,72.79256,1,5,2.1,0,1,0,0,0
29,24.8,1,married,19.03023,72.94276,1,51,14.8,0,0,0,0,0
40,31.1,1,married,18.9516,72.85205,2,3,6.4,0,0,1,1,0
29,17.2,2,married,19.03001,72.86417,1,23,4.3,1,1,0,0,0
36,13.2,2,married,19.09693,72.86161,3,60,4.5,2,0,1,0,0
35,19.6,1,single,19.06551,72.79543,1,0,19.1,0,1,0,0,0
29,32.9,4,single,19.08825,72.87859,1,18,8.1,1,0,0,0,0
52,16.0,5,single,19.00299,72.87374,4,4,12.7,0,0,0,0,0
40,28.2,3,married,19.18717,72.90412,1,1,22.7,1,0,1,0,0
21,28.4,4,married,18.95238,72.88845,3,8,23.2,0,0,0,0,1
36,17.2,2,single,19.11876,72.9598,1,41,4.0,2,0,0,1,0
29,22.8,5,married,19.18819,72.97235,0,0,30.5,0,0,0,0,0
41,28.1,1,married,19.11809,72.77494,3,13,0.3,1,1,1,0,0
28,18.1,5,single,19.04975,72.96688,1,10,4.7,1,1,1,0,0
34,19.0,5,married,19.01717,72.76137,0,31,22.6,0,0,1,0,1
39,17.1,3,single,19.17361,72.93879,3,1,3.2,2,0,1,0,0
41,14.9,5,single,18.9277,72.94197,1,17,3.2,0,0,0,0,1
25,16.8,3,married,18.97299,72.68887,1,17,3.6,0,0,0,1,0
32,13.9,2,married,19.03024,72.8893,4,17,9.5,0,0,0,0,0
31,20.2,2,single,19.19377,72.83315,2,43,5.8,2,0,0,1,0
29,16.2,3,married,19.10798,72.80412,3,26,13.0,3,0,1,0,0
49,21.2,1,married,18.9732,73.01509,2,1,22.5,0,0,1,0,0
38,12.2,3,single,19.03897,72.81463,1,10,11.2,1,0,0,0,0
24,21.7,5,single,19.00857,72.79936,0,8,2.3,3,1,0,0,0
42,24.2,1,married,18.99902,72.88757,2,6,27.0,1,0,1,0,0
51,10.0,3,single,19.16789,72.94856,0,9,3.1,1,1,0,0,0
43,21.9,4,married,18.93283,72.86584,3,7,1.6,2,1,0,0,0
22,26.1,4,married,19.23088,72.99664,1,8,0.9,2,1,0,0,0
31,14.0,5,married,19.15282,72.9331,0,58,8.3,1,1,0,0,0
45,28.4,3,single,19.17909,72.66218,1,1,1.2,2,0,0,1,0
29,22.1,5,married,19.02371,72.82705,1,38,1.5,0,0,0,0,0
38,16.5,3,married,19.05501,72.82382,4,10,3.6,1,0,0,0,1
41,19.7,1,single,18.92668,72.92794,3,15,3.3,0,1,1,0,0
27,22.8,2,single,19.01753,72.61752,3,27,9.3,1,1,0,0,0
34,20.4,3,single,19.11937,73.1349,1,7,17.0,0,1,0,0,0
21,22.7,2,married,19.19961,72.9331,2,8,14.3,1,0,1,0,0
26,15.4,3,married,18.95928,72.89489,3,8,3.0,0,1,0,0,0
32,20.8,3,single,19.03345,72.99816,3,7,2.8,0,0,0,0,0
25,12.9,1,married,19.05487,73.11437,4,39,33.8,2,0,1,0,0
48,19.4,3,single,18.93042,72.96707,0,26,0.1,0,1,0,0,0
23,15.5,3,married,19.12913,72.97488,0,2,21.2,0,0,0,0,0
31,16.3,2,single,18.9976,72.89307,3,2,2.2,0,1,0,0,1
36,26.2,1,married,19.05046,72.86585,2,8,29.4,2,0,0,0,0
46,25.5,1,married,19.02481,72.83242,1,2,4.2,0,1,0,0,0
23,23.0,2,married,18.99107,72.79739,1,14,5.8,0,0,0,0,0
44,14.5,4,single,19.0693,72.8113,1,2,12.3,2,1,0,0,0
35,18.4,2,single,19.04844,72.74494,3,11,8.9,2,1,0,0,0
27,26.1,3,married,19.03281,72.87241,1,0,3.8,0,1,1,1,0
38,20.7,2,single,18.99715,72.71153,0,6,8.1,2,0,0,0,0
36,31.6,2,single,19.10195,72.89909,1,17,13.1,3,1,0,0,1
30,22.0,4,single,19.23536,72.87637,5,10,0.4,1,0,1,0,0
35,21.0,3,married,19.08399,72.89469,1,57,0.1,2,0,0,0,0
31,18.5,1,married,19.16961,72.82779,0,31,6.1,2,0,0,0,0
35,20.7,2,married,18.93098,73.18769,3,7,1.4,1,1,1,0,0
40,19.2,1,single,19.08578,73.01601,2,1,10.9,2,0,0,1,0
47,23.5,2,single,18.96026,72.75555,1,28,2.4,0,1,0,0,0
25,24.8,3,married,18.92231,72.90329,1,36,5.7,1,1,0,0,1
52,16.1,1,married,18.99606,72.8192,4,26,2.2,0,0,0,0,0
21,13.3,2,single,19.18919,72.77855,1,2,8.0,1,1,0,1,0
33,10.8,2,married,19.165,72.74599,2,60,1.2,0,0,0,0,0
39,22.5,4,single,19.0943,72.92322,2,4,0.2,4,1,0,0,0
37,14.5,5,married,18.91673,72.81186,1,19,0.5,0,0,0,0,0
30,9.2,1,single,19.05037,72.97678,4,36,30.8,0,0,0,0,0
33,21.9,3,married,19.10017,72.97938,1,4,1.5,4,0,0,0,1
31,32.5,2,married,19.08755,73.01739,0,36,12.3,1,0,0,1,0
30,20.0,2,married,18.88562,72.79476,2,6,0.7,0,0,0,0,0
41,24.2,3,single,18.98097,72.92754,0,56,1.1,0,0,0,0,0
37,20.4,4,married,19.06359,72.94325,3,5,7.1,1,0,0,0,0
29,19.5,5,married,19.12363,72.83258,0,46,6.3,1,0,0,0,0
42,24.6,3,single,18.85039,72.80282,5,1,30.3,0,0,0,0,0
37,18.5,2,married,19.05379,73.04095,3,19,29.0,1,1,0,0,0
41,21.3,3,married,19.0843,72.90275,1,11,15.1,1,0,1,0,0
40,21.6,2,married,19.15496,72.9436,2,10,9.2,1,1,1,0,0
28,16.7,3,married,19.13929,72.79779,2,4,6.1,3,0,1,0,0
30,25.0,2,single,19.12826,72.75807,2,18,4.4,0,0,1,0,0
40,19.1,3,married,18.99001,72.82306,1,3,29.4,0,0,0,0,0
39,16.2,2,single,18.8792,72.8676,4,12,9.2,0,0,0,0,0
34,22.7,1,married,19.03069,72.77358,1,4,8.7,2,0,0,0,0
35,15.5,4,married,19.17016,72.87902,4,47,2.6,0,0,0,1,0
45,20.1,1,married,19.20935,72.71115,0,0,0.5,0,1,1,0,0
30,20.0,3,single,19.14105,72.768,2,3,29.0,4,1,0,0,0
39,25.4,2,single,19.11293,72.94709,2,4,3.8,0,0,1,0,0
33,22.4,1,married,19.10796,72.94038,1,8,5.8,0,1,0,0,0
33,19.9,1,married,19.01439,72.84081,4,4,1.2,0,0,1,0,0
43,24.1,1,married,19.05699,72.77822,2,10,18.1,3,0,0,0,0
41,27.0,4,married,19.23691,72.77726,4,31,0.3,0,0,0,0,1
41,22.8,2,married,18.97574,72.84267,2,19,18.0,0,1,0,0,0
45,20.1,5,single,19.23148,72.94445,3,13,1.5,2,1,0,0,0
35,13.4,3,single,19.0378,72.97282,3,1,21.8,2,1,1,0,1
40,14.7,2,single,19.20254,72.83035,1,18,13.1,1,0,0,1,0
32,18.5,3,single,18.92932,72.76465,0,3,1.8,3,0,0,0,0
37,17.0,3,married,19.12859,72.90678,1,23,8.3,1,1,0,0,0
33,19.1,3,married,18.99632,72.79765,2,4,3.7,0,0,1,0,0
35,20.3,2,married,18.92847,72.82817,2,8,2.0,2,0,0,0,0
39,22.6,2,single,19.09185,73.01253,4,6,19.6,0,0,0,0,0
28,19.6,4,single,19.17095,72.96271,1,29,5.2,0,0,0,0,0
51,22.4,4,single,18.98551,72.8958,3,2,5.1,1,0,0,0,0
26,20.3,4,single,18.9201,72.75281,4,13,1.9,0,0,0,0,0
25,10.1,2,married,19.06082,72.90114,4,2,4.8,1,0,0,0,0
44,15.3,3,single,19.06126,72.98627,1,18,20.5,2,0,1,0,0
41,19.3,2,married,19.12483,72.84244,2,35,4.5,2,0,1,0,0
39,14.0,2,single,19.16496,73.01511,3,9,30.3,1,0,0,0,0
40,23.0,2,married,19.06406,73.00927,0,10,29.2,2,0,1,0,0
34,27.7,3,married,19.25555,73.04637,1,39,1.6,0,0,0,1,0
27,26.1,1,single,19.09242,72.91052,2,11,2.0,0,0,0,0,0
35,18.9,2,married,19.03536,72.93874,3,10,19.9,0,0,0,0,0
29,27.5,4,married,18.90884,73.02142,2,13,5.0,1,1,0,0,0
42,20.7,2,married,19.04373,72.92474,1,18,0.0,0,1,1,0,0
33,18.3,1,single,19.03636,72.82988,1,2,3.2,1,0,0,0,0
28,16.9,1,married,19.16603,72.83515,0,26,9.1,2,0,0,0,0
32,18.5,4,married,19.11625,72.90386,2,9,16.1,2,1,0,0,1
38,18.1,3,married,18.95206,72.75094,2,1,1.4,0,0,0,0,0
30,20.9,2,married,19.08723,72.86567,1,23,1.2,2,0,0,0,0
28,20.8,4,married,19.13715,72.98965,2,7,25.5,0,0,0,1,0
36,20.0,4,married,19.2228,72.66087,3,2,13.9,1,0,0,1,0
36,22.2,2,married,19.15875,73.03345,2,15,8.9,2,0,1,0,0
30,26.0,3,married,19.14608,72.99224,2,32,14.7,2,1,0,1,0
31,24.7,3,married,19.07601,72.83402,3,33,5.6,0,1,0,0,0
36,12.6,3,married,19.10883,72.93434,2,47,14.2,2,0,0,0,0
23,7.2,1,married,19.19495,72.88031,2,30,4.6,1,0,0,0,0
23,24.7,4,married,18.93672,73.003,1,0,2.8,2,0,1,0,0
29,13.2,3,single,19.03506,72.97827,4,7,13.1,1,0,0,1,0
33,18.9,2,married,18.99274,72.73999,5,26,5.4,1,0,0,0,0
37,14.1,2,married,19.10792,72.93873,1,7,39.8,0,0,1,0,0
46,11.0,1,married,19.19302,72.85944,1,14,4.3,0,0,0,0,0
41,22.7,1,married,19.0103,72.88828,4,14,25.5,0,0,0,1,1
33,23.8,3,single,18.83097,72.80718,2,7,27.0,1,0,0,0,0
34,17.1,1,married,19.02878,73.05481,4,35,2.8,0,1,1,1,1
26,7.0,2,single,19.16135,72.98401,3,10,16.0,0,0,0,0,0
34,17.3,3,married,19.12376,72.80602,2,9,5.7,0,1,0,0,0
32,22.0,1,married,19.11282,72.74654,2,60,25.0,2,0,0,0,0
37,12.6,5,married,19.042,72.84143,0,10,6.0,1,0,0,0,0
28,20.9,2,single,18.9421,72.92345,2,3,13.6,5,0,0,0,0
39,19.9,2,married,19.12153,72.90402,0,11,6.3,1,0,0,0,0
47,22.9,2,single,18.98657,73.00531,4,25,2.6,0,0,0,0,0
34,20.6,2,single,19.28841,72.95899,3,22,2.2,0,1,0,0,0
38,15.1,1,single,19.12705,72.97696,3,23,5.5,1,1,0,0,0
40,26.0,3,single,19.01194,72.91269,0,18,14.1,0,0,1,0,0
31,19.2,5,married,19.00886,72.74107,4,4,9.3,1,0,0,0,0
36,19.9,2,married,19.06071,72.86043,2,30,11.7,3,0,0,0,0
35,15.3,3,single,19.04605,72.98601,1,34,3.3,1,0,0,0,0
35,17.8,3,married,19.18168,72.87485,1,3,6.6,0,0,0,0,0
28,15.6,4,single,19.08864,72.93031,3,2,0.5,1,0,0,0,0
35,19.1,2,married,18.99684,72.84813,2,56,17.0,0,0,0,0,0
38,28.6,2,married,19.25904,72.77702,1,30,45.9,1,0,0,0,0
46,13.1,2,married,19.07493,72.86767,2,34,5.2,1,0,1,1,0
42,11.9,3,married,19.14688,72.9109,1,33,0.1,0,0,0,0,0
52,27.4,4,married,19.00918,72.81443,2,12,1.9,0,0,0,1,0
28,19.0,1,single,19.10631,72.85643,3,16,10.6,0,1,0,0,0
41,16.7,2,married,19.10111,72.78605,2,12,9.5,2,0,1,0,0
36,25.2,4,single,18.88104,72.99192,1,1,15.5,1,1,0,0,0
52,17.0,4,married,19.27153,72.85055,0,21,2.9,0,1,0,0,0
28,29.1,5,married,19.19906,73.02528,0,11,14.4,0,1,1,0,0
28,23.4,3,married,19.03028,73.03287,1,16,11.6,1,1,0,0,0
30,17.6,2,single,18.95977,72.8719,2,10,3.9,2,0,0,0,1
21,30.8,3,married,19.10476,72.77916,2,10,7.9,2,1,0,0,0
30,17.0,3,single,19.07867,72.67141,2,3,1.6,0,0,1,0,0
28,23.7,1,married,19.10557,72.7328,1,5,6.0,2,0,0,0,1
36,21.5,3,single,19.08916,72.74262,1,3,21.3,1,1,1,0,0
37,26.5,3,single,19.12062,73.01785,2,3,5.5,1,1,0,0,1
50,27.8,1,married,19.21473,72.89158,0,54,18.3,2,1,0,0,0
42,20.2,3,married,19.12681,72.91896,1,2,8.9,2,1,0,0,0
30,16.2,3,single,18.96503,72.65796,3,5,2.1,0,1,0,0,0
27,22.3,5,single,19.20626,72.7602,0,13,8.7,2,1,0,0,0
38,16.6,1,married,19.23406,72.96871,0,14,7.1,2,1,0,0,0
24,30.1,2,married,19.38521,72.90868,1,3,5.1,0,0,0,0,0
49,20.7,3,married,18.95765,72.86528,1,24,1.3,0,1,0,0,0
44,18.2,2,single,19.09429,72.93648,0,23,5.4,2,1,0,0,0
31,20.9,3,single,18.86179,73.04358,2,4,0.8,3,1,1,0,0
21,13.3,3,single,19.12531,72.8579,2,5,1.0,1,0,0,0,0
45,15.1,1,single,19.01518,72.88694,2,42,5.4,0,0,1,0,1
34,26.0,3,married,19.26234,72.89926,0,26,3.6,1,0,0,1,0
44,16.7,3,married,18.99254,73.11921,3,18,26.0,2,1,1,0,0
22,14.8,2,single,18.90108,72.67006,0,1,4.7,0,0,0,0,0
30,22.7,4,single,19.02287,72.94832,2,8,14.2,1,0,0,0,0
35,25.9,4,single,18.87245,72.86852,3,12,7.6,0,0,1,0,0
35,23.6,3,married,19.14511,72.93668,4,3,12.2,1,1,1,0,0
31,25.0,3,married,18.86349,72.81426,2,9,3.0,0,1,0,0,0
39,16.2,2,single,19.07285,72.8751,2,14,28.5,0,1,0,0,0
26,12.9,4,single,18.86222,72.95114,1,6,7.6,0,0,0,0,0
33,27.5,3,married,19.03797,73.19129,4,23,17.8,2,0,0,0,0
35,18.4,3,married,19.23434,72.9608,3,28,4.5,1,0,1,0,0
39,18.7,4,married,19.10606,72.79519,3,6,1.1,1,0,0,0,0
40,26.6,2,single,18.98365,72.83762,2,27,11.2,2,1,1,0,1
26,22.8,4,single,19.06688,72.83466,1,2,0.1,1,0,0,0,1
22,22.3,1,married,19.0718,72.70044,3,27,6.4,1,0,1,0,0
45,30.8,2,single,19.11726,72.84699,1,2,2.1,0,0,1,0,0
37,16.8,2,single,18.93331,72.95328,0,1,9.9,0,0,0,0,1
29,24.6,5,married,19.12926,72.75258,3,15,38.8,1,1,0,0,0
47,20.3,4,single,18.79956,72.98485,2,10,6.2,0,0,1,1,0
35,21.3,3,married,19.00701,72.92878,3,36,17.0,2,1,0,0,0
44,27.6,3,single,19.02117,72.80658,3,7,7.1,0,0,0,1,1
35,22.5,3,single,19.13333,72.86585,0,5,6.8,0,0,0,0,0
51,22.7,4,married,19.07226,73.03983,3,10,26.7,2,0,0,0,0
49,25.4,2,single,18.92944,72.95335,2,9,22.1,0,0,1,0,0
33,18.2,2,married,18.9715,72.88088,2,6,15.4,1,1,0,0,0
42,15.8,1,married,19.08987,72.85623,3,18,3.5,2,0,1,0,0
40,14.8,3,single,19.06209,72.88766,1,21,7.9,1,0,0,0,0
45,10.2,3,married,19.01209,72.82882,1,29,2.5,1,0,0,0,0
27,30.3,2,single,19.02192,72.66953,2,54,5.9,1,0,0,0,0
40,14.5,1,married,19.13962,73.08422,1,5,6.6,0,1,0,0,0
43,18.9,4,single,19.01823,72.89553,0,19,17.8,2,0,0,1,0
21,18.6,1,married,19.06119,72.91981,2,8,22.6,0,0,0,0,0
25,21.5,3,single,19.28699,72.87421,4,17,5.4,0,1,0,0,0
21,24.1,5,married,18.92763,72.80649,2,10,0.2,2,0,1,0,0
32,24.3,2,married,18.88482,72.86141,0,60,19.8,2,0,0,0,0
40,17.1,2,married,19.14836,72.72006,1,20,1.9,0,0,0,0,0
47,19.2,3,single,19.00214,73.10771,5,46,9.7,2,0,0,0,1
35,21.4,4,single,19.03818,72.75655,4,27,0.3,1,1,0,1,0
48,18.8,3,married,18.99188,72.7768,4,35,5.1,0,0,0,0,0
23,28.0,5,married,19.04402,72.83597,4,25,42.7,2,1,0,0,0
21,22.5,1,single,19.22985,73.00881,3,9,1.1,1,0,0,0,0
34,23.7,3,married,19.15021,72.88145,2,4,5.5,0,1,0,0,1
38,23.3,3,single,19.15622,72.75639,1,7,3.7,2,0,0,0,0
34,25.9,4,married,18.92838,73.00543,1,0,23.5,1,0,0,0,0
21,20.9,1,single,18.95488,72.9531,1,11,20.4,0,0,0,0,1
34,13.5,4,single,18.78609,72.93384,0,11,2.7,0,0,1,0,0
24,22.0,3,married,18.98906,72.95157,1,11,0.8,0,1,0,0,0
40,16.7,2,single,19.16567,73.11944,4,55,9.9,3,1,0,0,0
37,17.4,1,married,19.12169,73.09851,0,36,4.1,0,0,0,0,0
27,22.9,4,married,19.04785,72.81133,1,3,11.1,1,0,1,0,1
30,26.2,1,single,19.06777,73.04239,3,7,0.3,0,0,0,0,0
26,20.1,2,single,19.00111,72.91832,1,8,1.4,3,1,0,0,1
34,21.5,2,married,19.09048,72.92991,2,7,11.6,1,1,1,0,1
42,28.5,4,single,19.14659,72.71077,1,24,2.4,0,0,0,0,0
27,21.2,3,married,18.90841,72.86296,2,11,19.5,3,1,0,0,0
39,33.0,3,married,19.09996,72.79872,3,13,0.6,3,1,0,0,0
30,22.8,2,married,19.16324,72.96281,1,29,2.4,2,0,0,0,0
28,11.2,3,single,19.02849,72.98711,5,25,65.4,2,1,0,0,0
34,23.8,3,single,19.14007,72.67255,5,2,5.7,1,0,0,0,0
26,21.9,4,single,19.35147,72.8778,1,19,12.1,2,0,0,0,0
30,26.4,4,single,19.05957,72.99219,0,9,2.0,2,0,0,0,1
25,23.4,1,married,19.10933,72.86133,1,5,9.4,0,0,1,0,0
50,19.3,3,married,18.99619,72.95291,3,1,13.0,1,0,0,0,0
35,13.9,1,single,19.08813,72.91512,1,10,3.8,2,0,0,0,1
29,19.0,3,single,19.11603,72.91417,0,7,17.7,2,1,0,0,0
36,15.7,2,single,19.08948,72.85287,3,4,9.2,2,0,0,0,0
34,17.1,2,married,18.96803,72.75834,2,18,4.9,0,0,0,1,0
33,22.9,2,single,19.09064,72.76785,0,22,8.2,0,1,0,0,0
39,28.3,3,married,19.21622,72.95094,0,4,8.6,0,0,0,0,0
41,22.0,2,single,19.11486,72.88195,1,1,1.8,0,0,0,1,0
30,14.0,3,married,19.1662,72.86615,2,28,5.2,1,1,0,0,0
30,22.2,2,married,19.0463,72.83761,1,0,4.2,1,1,0,0,1
32,26.0,1,single,19.14499,72.84948,0,41,5.1,0,0,0,0,0
21,17.0,3,single,19.09793,72.98469,3,15,14.3,1,0,1,0,0
22,19.3,2,married,18.97491,72.84648,0,6,6.6,1,1,0,0,0
45,20.1,2,single,19.10185,72.74589,2,4,28.2,2,0,0,0,0
48,16.1,3,married,18.97083,72.95437,1,0,3.5,0,0,0,1,0
33,23.2,2,married,19.00671,72.85951,1,4,5.4,1,0,1,0,1
39,19.4,1,married,19.08893,72.88314,3,2,15.5,2,0,0,0,0
37,22.1,2,married,19.09972,73.04076,2,14,7.9,1,1,0,0,0
59,15.6,4,single,18.95108,72.87794,3,3,7.9,0,1,0,0,0
43,17.8,3,single,19.1754,72.90892,3,11,0.5,1,1,0,0,0
33,23.6,3,married,19.1272,72.76211,5,13,5.1,0,1,1,0,0
27,18.1,3,single,18.99953,72.85803,2,5,3.2,0,0,0,0,0
22,28.6,1,married,18.91624,72.94095,0,1,73.2,1,0,0,0,0
36,18.0,2,single,19.05551,72.72446,1,1,3.7,1,1,1,0,0
28,21.1,3,single,19.02541,72.90008,1,0,21.6,3,0,0,0,0
23,24.7,1,married,19.08131,72.89008,2,20,11.3,2,0,1,0,0
29,12.9,2,single,19.03369,72.88413,3,6,4.2,0,1,0,0,0
26,11.2,2,married,18.86925,72.98372,4,24,7.8,0,0,0,0,1
48,12.4,2,married,19.03117,72.91344,0,8,18.4,1,0,1,0,0
42,26.3,5,married,19.03944,73.02781,1,9,21.5,1,1,0,0,0
34,17.2,1,married,19.13337,72.78064,2,11,1.7,1,1,0,0,0
46,32.8,3,married,19.00018,72.89359,2,19,4.1,2,0,0,0,0
35,17.2,1,married,19.23787,72.88845,3,5,4.1,1,1,0,0,0
28,20.9,5,single,18.87884,72.77307,1,2,0.4,2,0,0,0,0
47,27.7,1,married,19.20112,72.97563,1,12,9.1,0,0,0,0,0
39,30.0,2,married,19.04757,73.11247,2,6,19.3,1,1,0,0,0
26,30.3,3,married,19.15596,72.8783,0,9,4.8,2,1,0,0,1
33,26.0,3,married,19.07798,72.9305,3,16,13.5,0,0,1,0,0
27,25.1,2,single,19.18396,72.88845,3,10,9.9,1,0,0,0,0
23,23.0,2,married,19.03126,72.80864,3,15,4.7,1,0,0,0,0
42,23.9,2,married,18.96014,72.69792,3,12,1.5,0,0,0,0,1
50,17.2,2,single,19.21205,72.80942,2,20,12.4,3,0,0,0,0
23,15.9,2,married,19.05865,72.7408,5,18,19.3,0,0,0,0,0
39,20.0,2,married,19.09216,73.05041,3,11,11.6,1,0,0,0,1
29,19.1,2,married,19.19348,72.86849,1,17,0.2,1,0,1,0,0
31,17.7,2,married,18.9668,72.84541,4,31,2.4,3,0,1,1,0
30,23.5,3,married,19.12955,72.96892,2,8,0.7,2,1,0,0,0
28,24.8,5,single,19.01101,72.76782,2,8,8.4,3,0,0,1,1
35,20.4,3,married,19.05678,72.80331,0,22,14.1,0,0,0,0,1
28,27.4,1,single,19.07723,72.88681,1,13,1.2,0,1,0,0,1
37,14.3,1,married,18.91998,72.98288,2,1,18.2,0,1,0,0,0
34,19.0,5,married,18.99212,72.93017,1,33,8.1,0,0,0,0,1
33,16.4,2,single,19.20511,72.90483,3,0,11.7,0,0,0,0,0
27,10.7,1,single,19.15862,72.88781,5,21,35.5,0,1,0,0,0
30,19.6,3,married,19.06374,72.92002,2,21,0.9,0,0,1,0,0
41,19.4,3,single,19.09431,72.90017,2,46,23.1,1,1,0,0,0
39,27.6,3,married,19.04058,72.777,2,1,1.3,0,0,0,0,0
27,23.2,2,single,19.20566,72.88461,1,14,5.0,1,0,0,0,0
35,14.9,1,single,19.04996,72.77263,1,8,19.1,1,0,1,0,1
41,29.3,5,married,19.09318,72.88811,3,6,23.7,1,1,1,0,0
21,26.1,2,married,19.1846,72.83194,4,1,7.1,3,1,0,0,0
39,22.9,3,married,18.99226,73.13394,2,12,9.0,1,0,0,0,1
29,18.9,3,single,19.22588,72.87601,4,10,12.3,2,0,1,0,0
39,15.2,3,married,18.91695,72.73958,2,2,17.9,3,0,0,0,0
28,18.1,2,married,19.23296,72.86658,3,14,1.3,0,0,1,0,0
21,25.4,2,married,19.03273,72.93194,2,20,16.6,1,1,0,0,0
21,29.4,3,married,19.04573,73.04734,3,22,6.6,0,0,0,0,0
35,27.7,4,married,18.881,72.82105,2,35,6.0,1,1,0,0,0
37,17.6,4,married,19.02452,72.72176,3,8,5.5,1,0,0,0,1
27,14.4,1,single,18.96602,72.96168,0,46,7.1,0,1,0,0,0
40,20.7,1,married,19.00924,72.74194,2,30,29.0,1,1,0,0,0
21,11.2,4,single,19.05627,72.83638,2,5,7.9,1,0,1,0,0
34,21.6,3,married,19.16578,72.85424,3,3,30.6,2,0,0,0,0
25,19.3,4,single,19.09076,72.87304,2,9,2.0,1,0,0,0,0
29,17.7,2,married,19.10077,72.94892,0,8,12.9,0,0,0,0,1
35,12.0,3,married,18.96045,72.81164,1,13,16.7,2,0,0,0,0
28,22.6,3,single,18.98192,72.85263,4,13,11.4,4,0,0,1,0
31,17.3,3,single,19.24987,72.87857,2,21,9.3,0,1,0,0,1
43,14.2,2,single,18.99648,72.89496,2,11,8.3,1,0,0,0,0
30,5.6,1,married,19.23562,72.88978,1,2,19.7,0,1,0,0,0
41,19.9,3,married,19.04569,72.9236,2,29,17.2,0,1,1,0,0
25,28.9,2,single,19.07023,72.96438,1,6,1.3,0,1,0,0,0
39,28.3,2,married,19.17704,72.91926,2,53,18.9,2,0,1,0,0
46,17.7,5,single,19.19719,72.92536,1,2,5.3,0,0,0,0,0
21,17.0,2,married,19.05892,72.72178,2,48,2.9,0,0,0,0,0
28,22.3,4,married,19.03118,72.88502,1,1,20.4,0,0,0,0,0
39,15.0,1,single,19.06441,72.92795,3,4,5.7,0,0,0,0,1
33,21.5,3,married,19.1038,72.95289,1,1,16.5,2,1,0,0,1
37,23.8,5,single,19.15913,72.81076,2,18,3.1,0,0,0,1,0
30,26.1,1,single,19.07042,72.8141,1,28,0.0,0,0,0,0,0
35,19.5,1,single,19.13189,72.82259,0,9,6.8,1,1,0,0,0
33,19.0,2,single,19.23384,72.93364,1,40,1.1,0,0,1,0,0
44,15.6,1,married,19.10813,72.98339,2,13,14.0,0,0,0,0,1
37,15.9,3,married,19.10117,72.83925,0,15,3.2,2,1,0,0,1
37,18.9,4,married,18.91811,72.9708,2,28,5.9,1,0,1,0,1
31,21.8,2,single,18.80693,72.89235,2,5,0.9,1,0,0,0,0
31,24.6,2,single,19.10884,72.86757,0,7,3.4,0,0,0,0,1
31,16.0,2,married,19.06052,72.85886,1,35,15.2,1,1,0,0,1
38,27.5,3,married,19.01852,72.95466,2,35,1.6,1,0,0,0,0
31,18.6,1,single,19.09435,72.91256,0,56,10.4,1,0,0,0,0
37,19.9,3,married,19.06396,73.10758,4,35,24.9,2,0,0,0,0
51,16.3,3,married,19.18278,72.79478,4,2,11.4,1,0,0,0,0
41,7.9,3,married,19.07861,72.93181,1,26,16.7,0,0,0,0,1
32,24.4,2,married,18.99531,72.82708,2,8,1.2,1,0,0,0,0
44,23.7,3,single,19.16902,72.79307,3,60,2.9,0,0,0,0,0
31,18.6,1,single,19.04829,72.87891,4,10,22.5,0,0,0,1,0
21,20.3,1,married,19.12265,72.89374,3,12,12.6,2,0,0,0,0
26,22.6,4,single,19.02226,73.17182,1,11,10.2,1,0,0,0,1
21,12.2,3,married,19.00502,72.86159,3,6,10.9,1,0,1,0,0
32,17.4,1,married,19.07842,72.76698,1,1,5.3,3,0,0,0,0
35,24.0,2,single,19.07128,72.9073,1,34,0.5,1,0,0,0,0
48,13.7,2,married,19.11798,72.67254,1,24,15.3,1,1,0,0,0
37,21.5,2,single,19.04314,72.8708,3,2,11.4,1,1,0,1,0
33,13.2,2,married,18.88636,72.8816,0,22,6.4,0,0,0,1,1
41,22.3,1,married,19.02672,72.95946,3,15,23.0,3,0,1,0,0
21,19.8,2,married,19.14938,72.97736,0,8,4.1,1,0,1,0,0
36,11.9,3,married,19.04026,72.82964,2,4,3.5,0,0,1,0,0
41,25.8,3,married,19.04536,72.86494,0,29,20.6,0,0,1,0,0
23,16.3,3,married,19.16864,72.80339,0,18,15.9,0,0,1,0,1
44,15.9,1,married,18.9988,72.76719,0,12,7.2,0,1,0,0,0
37,21.0,5,single,18.91572,72.91099,1,14,1.4,0,0,0,0,0
31,25.7,4,single,19.05394,72.75264,1,1,2.4,0,0,0,0,0
40,14.9,4,single,19.02158,72.83854,3,10,10.7,0,1,0,0,0
53,20.3,4,single,18.97338,72.78048,1,3,4.9,1,0,0,1,0
36,22.1,4,married,19.05246,72.93497,0,4,18.1,1,0,0,1,0
36,23.5,3,married,19.11915,73.06014,3,16,29.9,1,1,0,0,0
31,20.9,2,married,19.06907,72.74984,2,36,16.4,0,1,0,0,1
28,18.2,3,single,19.1007,72.6947,1,8,4.7,0,1,0,1,0
41,15.9,3,married,19.25134,72.86751,1,3,15.5,1,0,0,0,0
28,20.4,3,single,19.03571,72.88157,3,16,4.3,2,0,1,0,1
35,14.6,3,married,19.09783,72.90187,3,31,1.8,1,1,0,0,1
31,5.4,1,married,19.01908,72.83537,1,21,0.3,1,0,1,0,0
38,22.2,2,single,18.98536,72.85994,2,30,4.9,2,1,0,0,0
37,24.5,4,single,19.01151,72.91675,3,12,23.4,0,0,0,0,0
43,8.2,3,single,19.02212,72.98404,2,21,2.7,1,0,0,1,0
30,15.0,3,married,19.10595,72.6845,1,2,2.3,0,1,0,0,0
32,23.1,2,married,19.30491,72.84311,2,6,35.0,0,0,0,0,0
27,30.3,2,married,18.9984,72.90138,1,7,0.3,0,0,0,0,0
31,20.1,4,single,19.02834,72.7882,2,11,15.4,2,0,0,0,0
38,16.4,3,married,19.06369,73.05312,4,40,3.9,4,0,1,0,0
41,19.1,3,married,19.10958,72.81646,1,31,0.4,0,0,0,0,0
27,26.9,2,married,19.09636,72.87587,0,2,25.0,1,0,0,0,0
41,16.8,3,single,19.19841,72.9356,1,3,1.5,3,0,0,0,0
45,16.0,2,single,18.82736,72.82087,4,7,8.0,0,1,0,0,0
38,17.6,3,married,18.83131,72.69534,2,5,3.2,0,0,0,0,0
50,15.2,2,single,19.02041,72.83713,0,14,0.7,1,1,0,0,0
28,20.6,2,single,19.17973,72.98294,1,35,0.5,3,0,0,0,0
25,28.1,3,single,18.91344,72.84631,0,49,1.2,1,0,0,0,0
21,21.6,4,married,18.76924,72.79536,3,16,0.7,2,0,0,0,0
46,18.7,1,married,19.12712,72.97257,1,27,14.3,0,1,0,0,0
40,18.5,4,married,19.09437,72.84692,2,11,6.6,1,1,0,0,0
34,12.2,2,married,18.96098,72.82898,2,4,4.2,1,1,0,0,0
37,24.4,2,married,18.97145,72.89495,3,11,5.4,2,0,0,0,0
25,19.6,1,single,18.97303,72.95708,2,12,26.4,2,0,0,0,0
54,19.1,2,married,19.08105,73.11817,1,20,24.2,2,1,0,0,0
36,36.0,3,single,19.00737,72.96272,4,4,12.6,1,1,0,0,0
35,21.5,1,married,19.11941,72.99598,2,7,21.6,0,1,1,0,0
40,16.2,2,single,18.78454,72.8294,2,7,3.9,0,0,0,0,0
38,17.9,4,single,18.98431,72.77741,1,48,4.8,0,1,0,0,0
36,25.7,1,single,18.95739,72.88623,4,9,9.5,1,0,0,0,0
28,20.6,3,single,19.04437,72.89072,1,21,9.8,0,0,1,0,0
38,12.8,2,single,19.0162,72.77215,3,21,6.6,2,0,0,0,0
50,24.6,3,single,19.14978,72.86247,2,5,5.1,3,0,1,1,0
45,16.7,2,married,18.88407,72.91993,1,13,42.8,0,1,0,0,0
47,29.4,1,married,19.07455,72.91604,1,34,17.2,0,1,0,0,0
30,25.4,1,married,19.12583,72.93043,0,10,5.7,2,1,0,0,0
27,17.8,1,married,19.25566,72.9091,1,44,13.0,0,0,0,1,0
33,26.4,1,married,19.02182,72.8293,1,4,3.1,0,0,0,0,0
35,20.3,3,married,19.10245,72.82861,1,1,1.1,1,1,0,0,0
43,24.3,4,married,18.88961,72.7601,3,33,4.3,1,0,0,0,0
21,22.4,4,single,18.8308,73.05848,2,28,5.2,0,1,0,0,0
47,15.8,3,single,19.15448,72.88135,3,60,0.2,0,0,0,0,0
33,16.8,1,married,19.06944,72.85751,0,17,16.9,0,0,0,0,0
31,25.1,2,married,19.18785,72.78712,1,41,4.5,0,0,1,0,0
26,18.3,2,married,18.93266,73.17357,1,26,8.7,0,1,0,0,0
21,18.0,2,single,19.12199,72.77267,5,28,0.8,0,0,0,0,0
41,15.2,3,single,19.25688,72.83712,5,13,1.9,0,0,0,0,0
35,22.1,3,married,19.11197,72.92158,3,7,22.0,0,1,1,0,1
24,30.3,2,single,19.09766,72.94002,3,41,9.4,1,0,0,1,0
24,14.7,2,married,19.07086,72.97579,2,8,30.0,2,1,0,0,0
32,20.1,4,married,18.91291,73.06076,2,12,66.8,1,0,1,0,0
48,27.1,3,married,19.20556,72.93062,2,9,4.6,3,0,1,0,1
32,19.6,2,married,19.00891,72.7744,0,12,3.5,0,1,0,1,1
22,22.3,4,married,19.12045,72.85431,2,10,19.5,0,0,0,0,0
33,14.7,5,married,18.9137,72.91078,1,1,65.8,2,0,0,0,0
32,22.1,2,married,18.95205,73.08682,2,32,9.9,2,0,0,0,0
21,19.1,2,married,19.21351,72.74022,2,9,15.9,2,0,1,0,0
34,24.9,3,single,19.03527,73.00026,4,13,15.2,1,0,1,0,0
33,25.9,4,single,19.21533,72.89799,4,2,4.4,3,0,0,0,1
40,32.9,4,single,19.06218,72.96378,2,0,8.5,0,1,0,0,0
49,22.9,1,married,18.88581,72.8698,2,4,17.9,0,1,0,0,0
44,21.6,2,married,19.15921,72.79576,4,18,11.7,1,0,1,0,0
32,21.0,3,married,19.01101,72.95509,2,2,0.2,1,0,0,0,0
26,18.2,3,single,19.13987,72.94544,4,36,4.1,0,0,0,0,0
55,21.7,1,single,19.07252,72.97721,0,4,1.6,0,0,0,0,0
35,18.5,4,married,18.91569,72.87867,0,3,2.7,2,0,0,0,0
35,20.8,3,single,19.08643,72.82002,2,3,23.6,0,0,0,0,0
34,26.6,4,married,19.28962,72.72412,2,0,0.4,1,0,1,0,0
36,15.0,4,married,19.1193,72.96194,3,22,2.5,2,0,0,0,0
33,25.7,3,married,19.06425,72.92239,3,31,3.7,1,0,0,0,0
30,26.6,2,single,19.17753,72.78342,4,14,9.6,3,1,0,0,0
30,19.4,3,single,19.09107,72.82614,1,3,7.6,1,1,1,0,0
34,9.4,1,single,19.09095,72.83332,2,5,2.5,1,0,0,0,0
30,17.0,3,married,18.96084,72.7317,1,10,1.8,0,1,0,0,1
29,26.5,1,married,19.09338,72.79823,1,46,2.7,0,0,1,1,1
35,19.9,3,single,19.17354,72.76662,5,4,7.0,2,1,1,1,0
32,15.0,2,married,18.98639,72.83875,1,20,3.2,1,0,1,0,0
47,17.5,1,married,19.21245,72.80613,3,9,29.5,1,1,0,0,0
21,24.2,1,single,19.06083,72.7173,1,5,6.2,1,0,0,0,1
43,22.7,1,married,18.98122,73.08226,0,9,0.6,1,0,0,0,0
44,18.8,3,married,19.16976,73.00525,1,1,13.1,0,0,0,0,0
21,18.2,3,single,19.04132,72.8021,0,24,4.0,1,0,0,0,0
32,18.0,3,single,19.14595,72.90724,1,4,10.6,0,0,0,1,0
32,15.4,1,married,19.04082,72.92175,3,19,3.3,2,0,0,0,0
23,28.1,1,married,19.06402,72.99911,2,1,8.5,2,1,0,0,0
28,18.4,1,married,19.11936,72.79814,1,47,14.8,1,0,0,0,0
26,26.1,1,married,19.09909,72.98921,3,3,26.3,1,0,1,0,1
49,27.6,4,married,18.87045,72.82521,3,32,3.0,0,0,0,0,0
42,25.0,2,single,18.95788,72.74641,0,25,4.1,2,1,0,0,1
45,17.8,2,married,19.16294,72.95241,2,52,6.2,1,1,0,0,0
40,22.0,1,married,19.05679,73.00908,1,10,26.2,1,1,0,0,0
25,19.9,2,single,19.01763,73.13879,2,19,23.2,1,0,0,0,1
30,15.5,3,married,18.93414,72.76003,0,7,0.9,2,0,0,0,1
38,21.6,3,married,18.96203,72.94989,3,3,1.4,1,0,0,0,0
25,14.1,2,single,18.86782,72.83902,2,9,6.8,2,0,1,0,0
40,25.9,1,married,19.05987,72.95834,4,3,1.1,0,0,0,0,0
33,17.7,2,single,19.01016,72.73295,1,60,4.2,1,0,0,1,0
32,21.0,2,single,18.97334,72.75372,4,2,1.6,1,0,0,0,0
40,21.4,2,single,19.06319,72.80241,1,13,10.1,1,0,0,0,0
38,18.7,5,married,19.1064,72.8879,1,15,29.9,2,0,0,0,0
32,22.9,3,married,19.27932,72.81589,0,12,57.2,1,1,0,0,0
44,17.6,3,single,18.91881,72.94591,4,16,4.7,0,0,0,1,0
26,24.4,2,married,19.18594,72.98269,4,2,9.1,1,1,1,0,0
39,13.3,2,single,19.16731,72.93996,2,12,19.4,3,0,1,0,0
39,20.6,3,married,18.99209,73.04188,2,5,1.2,1,0,1,0,0
32,29.7,3,married,19.09032,72.92158,2,42,11.7,0,0,0,0,0
37,15.0,3,married,19.02424,72.75831,2,22,5.3,1,1,0,0,0
24,16.6,1,married,19.08857,73.01634,4,54,2.3,1,0,1,0,0
42,22.6,3,single,19.22091,72.81948,0,1,5.2,1,1,0,0,0
33,20.9,2,single,19.13056,72.97104,4,5,0.8,1,0,1,1,0
30,21.8,4,married,19.12086,73.03737,1,3,11.9,0,0,0,0,0
43,22.4,3,married,19.02697,72.92567,1,0,2.9,0,1,0,0,0
29,23.2,3,single,18.92159,72.73038,2,4,3.7,0,0,0,0,0
23,25.5,1,single,19.04915,72.78818,3,17,1.3,1,1,0,0,0
22,22.0,3,single,19.19066,73.01227,2,4,20.0,0,0,0,0,1
39,18.8,1,married,18.91728,72.86309,7,11,6.8,1,0,1,0,0
24,23.4,2,single,18.96449,72.88796,5,33,8.5,0,1,0,0,1
49,29.5,1,married,19.08263,72.95588,2,18,8.4,0,1,0,0,0
21,19.3,3,married,18.97153,72.94963,3,8,5.3,2,0,1,0,0
48,15.1,2,married,18.99075,72.90788,2,7,2.1,1,1,0,0,0
36,25.5,2,single,19.02764,72.85913,2,9,13.7,0,0,0,0,0
34,19.4,4,married,18.93344,72.84873,2,3,1.4,2,1,0,0,1
30,9.1,2,single,18.97259,72.96579,2,15,1.1,1,0,0,0,0
38,24.2,3,married,19.14034,72.93536,2,7,12.4,0,0,0,0,0
34,17.3,2,married,18.93926,72.85427,1,29,2.3,0,0,0,0,0
43,19.5,1,single,18.91021,72.98821,0,21,3.7,0,0,1,0,0
35,21.7,3,married,19.007,72.8671,5,14,6.4,2,0,0,0,0
36,21.0,1,married,19.1432,72.79483,5,7,6.0,4,0,0,0,0
32,23.5,2,married,19.05031,72.8041,1,4,12.3,4,0,0,0,1
34,17.8,3,single,19.02354,72.78213,2,22,9.8,1,1,0,0,0
37,22.6,3,married,19.07444,72.85276,0,10,10.3,0,0,0,0,0
21,18.7,3,married,18.89543,73.00337,1,4,12.5,0,0,0,0,0
24,23.7,2,married,19.11947,72.79949,2,3,3.5,1,0,0,0,0
40,23.1,1,married,19.10834,72.89885,0,3,3.9,1,1,0,0,0
36,15.3,3,single,19.02907,72.81433,2,23,5.8,1,0,0,0,1
33,25.4,3,married,19.17059,72.85397,4,4,3.7,2,0,0,1,0
35,17.3,4,married,18.95725,72.729,3,11,42.0,1,0,0,1,0
37,24.0,4,married,19.18279,72.85795,3,9,16.8,2,0,0,0,1
30,21.8,4,married,19.08545,72.86063,5,13,1.8,1,0,0,0,0
28,29.2,2,single,19.03634,72.93403,3,31,0.1,2,0,0,0,0
36,18.9,2,single,19.06801,72.90233,6,30,0.4,3,0,1,0,0
27,18.3,3,single,19.05927,72.76016,1,9,2.8,1,0,0,0,1
38,19.9,2,single,19.19203,72.98842,4,0,1.2,0,0,1,1,0
21,18.5,1,married,18.96233,72.90103,0,8,7.6,0,0,0,1,0
43,24.0,4,single,18.99375,72.89984,2,14,19.5,1,0,1,1,0
38,11.9,4,single,19.17363,72.87908,4,12,13.3,1,1,0,0,0
37,14.7,2,married,19.01045,72.82822,2,16,2.4,0,1,0,0,0
42,14.7,1,married,19.16005,72.90178,3,3,5.1,2,0,0,0,0
48,24.8,2,married,19.23994,72.92756,0,16,7.1,2,0,0,0,0
43,28.6,4,married,19.02982,72.70531,0,3,16.6,1,0,0,0,1
21,19.5,4,single,19.13814,72.82612,2,21,18.3,1,0,0,0,0
24,19.2,2,married,18.95463,72.85451,5,6,24.0,0,0,0,0,0
30,20.4,1,married,19.14547,72.90562,1,19,7.1,1,0,0,0,0
35,25.8,4,single,19.08994,72.99933,1,1,11.9,0,1,1,0,0
39,15.4,2,married,19.1173,72.80283,2,8,1.2,1,1,0,0,1
29,21.2,3,married,19.00544,72.8302,2,18,8.3,2,0,0,0,0
36,24.9,5,single,18.90389,72.82875,1,4,2.9,1,0,0,0,0
28,22.5,1,single,19.12033,72.79985,0,24,5.7,3,1,0,0,0
30,20.9,3,single,18.86366,72.84528,3,15,10.1,0,1,0,0,0
23,25.0,1,single,19.03826,72.95708,1,13,3.0,2,1,0,0,0
27,6.5,2,married,19.16412,72.77462,1,7,0.5,0,0,0,0,0
24,23.4,4,married,19.08919,72.92278,1,10,0.1,1,0,1,0,0
27,16.7,2,single,19.26483,72.70981,2,14,0.2,1,0,0,0,0
43,10.8,5,married,19.17251,72.82387,2,10,0.1,0,0,0,0,0
27,22.6,3,married,19.00461,72.84705,2,18,1.2,1,0,0,1,0
56,26.9,2,married,19.07273,73.04749,0,9,2.7,0,0,0,0,0
38,19.3,2,married,19.06526,72.85252,3,3,2.5,1,1,0,0,0
36,24.8,2,single,18.91178,72.65988,4,4,43.3,0,1,0,0,0
28,28.1,2,married,18.97596,72.68011,1,0,3.7,0,0,0,0,0
40,26.6,1,married,19.01392,72.8834,5,5,1.4,3,1,0,0,0
30,28.2,2,married,18.86638,72.94138,2,21,7.9,1,0,0,1,0
35,23.7,2,married,19.07475,72.91755,1,24,19.5,3,1,1,0,0
55,20.4,3,single,19.04509,72.89676,3,3,11.3,1,0,0,1,0
34,12.0,3,married,18.90271,72.99623,2,48,3.5,1,0,0,0,0
44,18.8,3,single,19.11042,72.82604,1,10,8.2,0,0,0,0,0
29,15.8,1,married,19.14159,72.96949,2,37,12.5,1,0,0,0,1
34,30.9,2,married,19.0927,72.7168,1,18,13.0,0,0,0,0,0
49,19.1,3,single,19.03759,72.78951,4,19,11.0,3,0,0,0,0
29,20.6,2,married,19.12914,72.6993,3,1,20.5,0,1,0,0,0
49,22.8,1,single,19.13802,72.85252,3,4,20.4,1,0,0,0,0
40,20.2,4,married,19.10074,72.87537,5,0,8.6,2,0,1,0,0
30,28.5,3,married,18.98754,72.89141,1,19,5.6,0,0,0,0,0
40,16.9,3,married,19.09766,72.88619,3,6,10.3,1,0,0,0,0
42,21.0,1,married,19.18955,72.78724,3,23,17.0,1,0,1,0,0
39,16.3,3,married,19.01034,72.86098,5,6,0.1,1,1,1,0,0
22,13.4,3,married,19.27979,72.73026,2,26,48.3,2,0,0,0,0
29,16.9,3,married,19.01744,73.01632,0,2,2.0,1,0,0,0,0
33,19.8,3,married,19.07324,72.84964,2,3,6.4,2,1,0,0,0
34,17.9,4,single,19.00275,72.83111,4,6,20.6,1,0,0,0,0
39,16.5,3,married,19.09233,73.03889,1,8,2.5,0,0,0,0,0
36,13.0,1,single,18.89578,72.75578,4,6,6.5,2,1,0,1,0
24,19.6,3,married,19.0154,72.76744,2,22,1.4,1,0,0,0,0
38,12.5,3,single,18.96079,72.77038,1,2,5.0,0,0,0,0,0
39,23.8,3,single,19.08353,72.87321,2,6,1.9,1,1,0,0,0
39,20.4,1,married,19.16944,72.92316,2,27,4.5,1,0,0,0,0
43,12.7,1,married,19.1346,72.95397,2,1,4.7,0,0,0,0,0
41,18.5,4,single,18.83283,73.1372,3,43,49.9,1,1,0,0,0
38,16.2,3,single,19.27421,72.65506,4,60,52.6,1,0,0,0,0
34,21.6,4,married,19.09953,72.94087,2,1,1.2,0,0,0,0,0
21,26.7,3,married,18.99235,72.82429,0,5,12.9,3,1,0,0,0
38,10.6,3,single,19.08571,72.82136,2,7,0.5,0,1,0,0,0
36,20.6,3,single,19.08762,72.81802,2,22,0.3,2,0,0,0,0
37,19.2,4,married,19.00332,72.78912,1,14,1.1,1,0,1,0,0
24,23.4,3,single,19.08979,73.04845,1,16,33.7,2,1,1,0,1
26,21.1,3,married,19.00925,72.96423,1,21,28.3,0,1,0,0,0
43,16.2,1,married,19.02956,72.88232,1,2,2.2,0,0,1,0,0
34,18.4,2,married,19.00137,73.0151,2,27,1.8,0,0,0,1,0
40,16.0,3,single,18.92673,72.72875,1,18,2.8,1,0,0,0,0
35,25.4,2,married,19.08458,72.74693,2,13,7.2,0,1,1,0,0
35,20.1,2,married,19.12853,72.6622,4,33,8.4,1,1,0,0,0
42,29.5,2,married,19.12149,72.81006,4,18,2.5,0,1,0,0,0
30,19.7,2,married,19.15199,72.89617,2,3,14.1,0,1,0,0,0
35,16.5,2,married,19.10243,72.89029,2,8,3.7,0,0,0,0,0
31,12.4,2,married,19.01673,72.89493,2,10,25.5,2,0,0,0,0
31,11.0,4,married,19.15397,72.73889,0,1,10.7,1,1,0,0,0
32,12.1,3,married,18.93425,72.96032,1,46,5.7,1,1,0,0,0
36,21.3,1,married,18.97993,72.90396,0,2,15.6,0,0,0,0,0
31,22.5,1,married,18.97358,72.95331,1,18,17.0,1,0,0,0,0
45,12.1,3,single,19.17801,72.69072,1,11,3.4,0,1,1,1,0
27,24.5,2,married,19.16428,72.91115,3,0,4.2,1,0,0,0,1
33,17.6,4,married,19.11873,72.76122,2,39,27.5,0,0,0,0,0
31,20.7,3,single,19.17719,72.84027,2,29,1.8,0,0,0,1,0
46,28.1,3,single,18.98207,72.93344,3,11,0.4,1,0,1,0,0
36,24.5,2,married,19.10486,72.88911,1,4,6.1,0,0,0,0,1
43,18.7,3,married,19.05748,72.79485,6,2,16.2,1,1,0,0,0
23,15.5,2,married,19.15469,72.88063,2,7,14.8,1,0,0,0,0
37,9.2,4,single,19.05848,72.72685,4,4,25.2,0,0,1,0,0
42,16.4,3,married,19.03151,72.99503,2,11,7.6,1,0,0,0,0
35,18.9,2,single,19.12409,72.85947,0,51,1.1,0,1,0,1,0
43,15.1,2,married,19.15762,72.99185,3,13,8.9,1,1,0,0,1
30,19.3,1,single,19.00317,72.82735,1,33,15.1,0,1,0,0,1
46,20.4,3,single,19.06389,72.82764,1,16,1.0,1,1,0,0,0
53,18.9,2,single,18.96416,72.80358,2,10,1.9,2,0,0,0,0
32,16.7,3,single,18.82019,72.96762,1,29,0.1,1,0,0,0,1
31,20.8,2,single,19.09005,72.80906,3,10,9.0,0,0,0,1,0
46,22.2,3,single,19.13089,72.94446,2,30,21.8,2,0,0,0,0
47,14.5,4,married,19.09621,72.84175,4,5,11.1,0,1,1,1,0
30,27.1,3,married,18.87504,72.6824,0,2,40.2,0,0,1,0,0
31,19.5,3,single,19.03492,72.82297,2,29,0.7,3,1,0,0,0
32,20.1,1,married,18.84817,72.76209,2,13,23.3,1,0,0,0,1
24,23.5,1,single,19.20697,72.88339,2,33,16.8,1,0,0,0,0
27,21.2,3,married,18.96139,72.76096,3,42,3.8,1,0,0,1,0
26,24.8,2,single,19.19554,72.9726,3,1,36.3,1,0,0,0,0
28,21.4,2,single,19.16459,72.87089,0,10,3.4,2,0,0,0,0
34,16.9,1,married,18.97994,72.86224,2,7,22.0,1,0,0,0,0
36,21.8,2,married,18.95672,72.94559,2,15,21.3,1,0,0,0,0
47,14.3,1,married,19.10504,72.97639,3,24,14.2,0,0,1,0,0
27,20.5,4,married,18.98557,72.87799,3,5,8.3,1,0,0,0,0
42,19.8,2,married,19.08025,72.80288,1,12,1.3,1,0,0,0,0
33,19.0,3,single,19.02172,72.7026,1,19,7.6,1,0,0,0,0
34,19.4,1,single,18.89188,72.8114,2,2,4.4,0,0,1,0,0
40,10.6,3,single,18.84695,72.81828,1,25,15.7,1,0,0,0,0
26,17.3,2,single,19.09267,72.89071,2,14,14.2,2,0,0,0,0
38,20.5,4,married,19.01384,72.84549,5,45,24.1,2,0,0,0,0
36,20.8,4,married,19.01469,72.94879,4,6,0.1,2,0,0,0,0
38,14.9,2,single,19.13959,72.8187,3,2,16.6,0,0,0,0,0
37,26.3,4,married,19.18734,72.8743,4,11,27.9,0,0,0,0,0
54,15.7,5,married,19.04275,72.9984,0,1,15.6,0,0,0,0,0
29,24.8,4,single,19.03594,72.91418,0,52,1.4,2,1,0,0,0
30,22.1,4,single,19.12001,72.874,0,1,0.8,2,0,0,0,0
30,16.8,2,single,18.93431,72.81981,1,21,0.2,3,0,0,0,0
30,28.9,3,single,19.09232,72.81668,2,11,9.9,1,1,0,0,0
29,14.0,1,single,19.12519,72.79494,1,7,9.9,2,0,0,0,0
44,24.6,1,married,19.13802,72.8259,1,1,43.4,2,1,1,0,0
46,25.0,5,single,18.87632,72.95557,0,15,5.1,1,0,0,0,0
30,16.6,2,single,18.99386,72.85781,3,13,4.0,1,0,1,0,0
28,27.0,3,married,18.98217,72.74502,3,5,9.8,1,1,0,0,0
38,18.7,4,married,19.07999,73.05682,2,36,17.5,0,0,1,0,0
30,21.4,4,married,19.11807,72.912,2,5,27.6,0,0,1,0,0
40,21.3,5,single,19.21967,72.73931,1,9,16.3,3,0,0,1,1
36,19.3,2,single,19.0205,72.83582,0,12,5.6,1,0,1,0,0
22,24.1,1,married,19.02024,72.89109,1,2,10.1,1,0,0,0,1
47,24.0,2,single,19.18497,73.05046,0,40,19.4,2,0,0,0,0
49,11.3,1,single,19.09966,72.76919,4,7,6.7,0,1,0,0,1
30,26.5,1,married,19.19677,72.9776,2,1,2.4,1,1,0,0,0
31,11.7,2,married,19.09887,73.01995,1,7,1.9,0,0,0,0,0
37,25.2,3,married,18.95429,72.81713,5,14,0.0,0,1,0,0,0
37,25.6,3,married,18.93669,72.85225,1,11,12.7,2,0,0,0,0
40,14.5,2,married,18.91485,72.77637,2,18,1.2,0,0,0,0,0
51,17.9,3,single,19.13621,72.85965,3,1,2.8,1,1,0,0,0
33,14.5,2,single,19.18886,72.87634,1,5,3.5,0,1,0,0,1
28,18.9,1,single,19.25494,72.94596,1,26,8.2,0,1,0,0,0
23,18.5,3,single,19.15431,72.98902,2,1,5.1,4,0,1,1,0
29,23.9,3,married,19.18628,72.80519,1,29,11.2,0,0,0,0,0
34,26.6,3,married,19.012,72.68327,1,1,0.6,0,1,0,1,1
49,27.0,1,married,18.95436,72.87788,2,27,1.3,0,0,1,0,0
30,17.2,4,single,19.15501,72.90935,0,7,6.9,3,0,0,0,0
36,19.0,3,single,19.11177,72.90494,3,14,4.1,2,0,0,0,0
34,11.6,3,single,19.08074,72.84733,1,2,3.5,1,1,0,0,0
44,16.0,3,single,19.10874,72.89248,1,1,0.7,0,0,0,0,1
55,24.8,4,single,19.10232,73.03154,1,4,22.6,2,0,1,0,0
30,28.1,3,married,19.19838,72.91817,3,2,11.8,0,0,0,0,0
31,13.8,3,married,19.1995,72.84266,3,6,1.3,3,0,0,0,0
43,17.0,5,married,19.12442,72.82998,1,11,0.7,0,1,0,0,0
40,19.9,3,married,19.15458,72.86301,2,13,36.8,0,0,0,0,0
49,21.4,2,married,19.12141,73.04367,2,23,11.4,0,0,0,0,0
39,16.0,3,single,19.02388,72.86167,2,16,5.4,0,0,1,0,0
32,22.1,2,single,19.14566,72.87802,1,14,12.1,0,0,1,0,0
39,17.6,2,single,18.93055,72.83177,2,8,14.1,1,0,0,0,0
43,19.9,3,married,19.17539,72.9899,2,10,15.1,1,0,0,0,0
41,22.7,4,married,18.95055,73.07598,0,8,6.5,1,0,0,1,1
39,20.0,4,single,19.09858,72.92506,3,28,5.6,1,0,0,0,1
43,17.8,2,married,18.98548,72.88828,1,4,0.1,3,1,0,0,0
44,19.5,3,married,19.12534,72.88368,4,0,26.1,2,1,0,0,0
46,19.6,2,single,19.06661,72.64157,3,16,9.2,2,0,1,0,0
40,18.1,5,single,18.91052,72.95452,4,3,2.3,3,0,0,0,0
33,18.7,5,married,19.11207,72.89342,3,33,25.2,2,1,0,0,0
36,28.0,3,married,19.01221,72.92283,0,29,24.6,1,0,0,0,0
44,22.8,4,single,19.15811,72.80885,2,1,45.3,0,0,0,0,0
28,18.5,3,married,19.07013,72.84155,2,2,20.7,0,1,0,0,0
37,23.5,3,single,19.10954,72.8389,1,10,61.1,0,0,0,0,0
31,18.3,1,married,18.97424,72.98216,1,14,2.8,0,0,0,0,0
35,25.9,2,married,19.01107,72.84212,1,5,18.5,1,0,0,0,0
45,21.8,3,married,19.02414,73.08827,4,19,17.3,2,0,0,0,0
36,19.5,3,married,19.15567,72.92309,1,14,2.6,0,1,0,0,0
35,22.2,2,married,19.23774,72.75243,2,6,1.0,3,0,0,1,0
24,12.1,4,married,18.98948,72.86715,0,0,38.8,5,0,0,0,0
40,14.4,1,single,19.17768,72.81483,1,21,3.5,2,1,0,0,0
40,14.0,3,married,18.85303,72.66056,4,4,20.5,0,1,1,0,0
52,20.7,3,single,18.95058,73.03995,0,27,0.0,1,0,0,0,0
32,28.7,3,married,18.97412,72.95031,2,8,0.2,0,0,0,0,0
36,31.2,3,married,18.93475,72.93332,0,13,6.3,0,0,1,0,1
36,23.2,2,married,18.91164,72.89654,3,31,2.7,1,1,0,0,0
47,22.5,1,married,19.1113,72.7418,2,30,11.7,0,0,0,0,0
34,11.0,3,married,19.04859,72.83164,2,7,8.3,0,0,0,0,0
37,17.3,3,single,19.10794,72.96418,2,4,0.8,1,0,0,0,0
39,16.1,1,married,19.13905,72.77488,1,22,1.8,0,0,1,0,1
36,16.9,3,single,19.09656,72.62682,2,9,4.9,1,0,0,1,0
31,19.2,2,single,19.13578,72.85729,2,3,2.1,0,0,0,0,0
36,17.6,3,single,19.06305,72.86582,3,35,15.7,0,0,0,0,0
43,10.1,4,married,18.9513,72.89356,3,3,5.4,0,0,0,0,0
26,23.7,1,married,19.17578,72.95285,1,0,1.0,2,0,0,0,1
36,14.6,1,married,19.01109,72.94376,3,0,6.6,0,0,0,0,0
29,21.2,3,married,18.97644,72.90588,3,15,1.0,1,1,0,0,0
44,30.4,3,single,19.05221,72.99955,4,16,1.4,0,1,0,1,1
22,15.4,3,single,18.97872,72.7281,0,6,2.7,1,0,1,0,0
30,7.3,4,married,19.02826,72.93046,1,6,19.6,0,0,0,0,0
38,18.6,4,married,19.10441,72.94265,0,6,25.9,2,0,0,0,0
47,25.5,5,married,19.10483,72.75604,1,17,17.5,3,0,0,0,0
34,29.8,3,single,18.98022,72.72971,0,1,4.1,1,0,1,1,0
30,13.9,2,married,19.02123,72.80541,2,40,3.2,1,0,0,0,0
50,22.5,2,married,19.17743,72.81385,5,4,8.0,0,1,0,1,0
23,17.7,1,single,19.11964,72.95534,0,60,12.8,1,0,0,0,1
21,19.5,3,married,19.27751,72.81855,6,3,50.2,1,0,1,0,0
38,33.2,2,married,19.18801,72.79437,0,22,1.4,1,0,0,0,0
30,12.5,4,married,19.18443,72.81884,4,4,0.5,0,1,0,0,0
26,21.3,3,single,18.93121,72.99186,2,1,11.9,2,0,0,0,0
40,22.3,3,married,19.14639,72.8813,3,31,17.9,0,1,1,1,0
36,25.4,2,single,19.06469,72.86207,1,29,18.7,1,0,0,0,1
30,20.5,1,single,19.0149,72.869,4,8,11.3,2,1,1,0,0
24,21.5,1,married,19.0868,73.00921,2,18,30.8,0,1,1,0,1
41,18.0,2,married,19.16452,72.80508,1,12,7.2,0,1,0,0,0
40,21.3,1,single,19.12008,73.01155,0,29,24.5,0,0,0,0,0
34,18.3,3,married,18.98215,72.90105,3,6,34.4,3,0,0,0,0
49,23.1,4,married,19.14425,72.86396,4,11,18.8,0,0,1,1,0
26,18.2,4,married,19.00624,73.13009,2,10,3.7,1,1,0,0,0
22,21.9,3,married,19.09167,72.77444,4,7,2.2,1,0,1,0,0
29,19.9,2,married,19.03966,72.84463,3,33,7.9,2,0,0,0,0
34,25.6,4,married,19.04811,72.75676,2,3,6.0,0,0,0,0,1
36,19.7,4,single,19.14662,72.97525,5,2,21.0,1,0,0,0,0
33,11.1,1,single,18.96598,73.04892,1,13,1.1,2,0,0,0,0
37,26.3,3,married,19.26452,73.04699,2,16,3.0,1,0,1,0,0
24,15.5,2,married,18.88789,73.00239,2,3,13.9,0,0,0,0,0
46,16.7,4,married,19.01023,72.86024,1,7,1.0,0,0,0,0,0
34,17.0,5,single,19.10702,72.84348,0,44,3.9,2,1,0,0,0
43,26.9,1,single,19.12843,72.71288,3,4,4.9,0,1,0,0,0
37,9.3,4,married,19.05995,73.08359,3,17,9.7,3,1,0,0,0
38,35.7,3,single,19.06426,72.9269,3,20,1.7,2,0,0,0,1
39,25.3,5,married,19.11106,72.8308,2,9,19.7,1,1,1,0,1
38,21.1,2,single,19.04689,73.01281,3,42,5.9,1,0,0,0,0
40,19.7,4,married,19.20932,72.78272,3,20,24.9,0,0,0,0,0
45,21.4,1,married,19.15393,72.92066,0,9,6.3,3,0,0,0,0
36,22.6,2,single,19.15728,72.86274,1,13,3.2,1,0,0,0,0
40,23.2,1,married,18.97338,72.94387,4,18,1.5,0,0,0,0,0
34,22.8,5,single,19.06206,72.87364,1,13,0.0,1,1,0,0,0
46,20.4,4,married,19.03995,72.73491,2,32,7.6,1,0,0,0,0
29,19.0,4,married,18.96944,72.88756,3,7,1.1,2,0,0,1,0
49,19.2,4,married,19.10602,72.98489,1,5,5.0,4,0,0,0,0
34,19.0,1,married,19.01624,72.87708,1,4,8.9,0,0,0,0,0
23,25.7,2,married,19.13554,72.95751,4,1,3.2,0,0,1,1,0
36,23.0,1,single,18.96298,72.77545,5,1,1.9,0,0,0,0,0
29,5.3,2,single,19.2419,72.87737,1,31,14.9,0,1,0,0,0
41,23.3,2,married,18.98037,72.81755,1,17,29.3,1,0,0,1,0
29,21.0,2,married,19.09193,72.9547,5,16,1.1,0,0,0,1,1
31,19.9,2,married,19.14919,72.88315,0,14,1.7,0,1,1,0,0
21,18.1,1,married,19.01294,72.94901,2,28,32.2,2,1,0,0,0
31,25.6,1,married,19.15525,72.98877,1,10,0.4,1,1,0,0,1
21,24.7,1,married,18.94708,72.94916,2,31,38.0,2,0,0,0,0
22,16.1,5,married,19.21521,72.90731,2,7,0.0,2,0,0,1,1
41,22.0,3,married,19.07141,72.78018,1,39,20.7,1,0,0,0,0
41,15.1,5,married,19.01036,72.87972,3,18,3.7,0,1,0,0,0
38,13.1,2,single,19.04008,72.82669,3,4,27.9,0,1,0,0,0
27,16.9,2,single,19.15089,72.84559,3,12,3.8,0,0,0,0,0
34,24.3,3,single,19.01155,72.84255,1,11,10.6,0,0,0,0,0
34,24.8,2,single,18.99506,72.78201,0,2,0.8,1,1,0,0,0
25,22.6,2,single,19.04785,72.68427,2,13,2.8,1,0,0,0,0
47,23.6,2,married,18.9523,72.81319,1,6,14.9,6,0,0,0,0
42,22.6,1,married,19.25205,72.89934,4,1,7.5,0,0,0,0,0
33,16.8,2,married,19.01336,72.74518,4,45,26.3,1,0,0,0,0
35,22.2,2,married,19.15316,72.88157,1,15,5.6,0,1,1,0,0
36,24.0,3,single,19.09095,73.07003,0,31,20.4,0,0,0,0,0
21,23.8,1,single,18.97155,72.98231,2,17,6.0,2,0,1,0,0
33,25.9,2,single,19.0694,73.04435,2,7,38.8,5,0,0,1,0
29,23.5,4,married,19.1484,72.91911,4,11,32.1,0,0,0,0,0
26,21.8,1,single,19.05117,72.99675,1,17,4.0,3,0,1,0,0
32,25.4,2,single,19.18931,72.8076,1,48,21.7,0,0,0,0,0
49,19.9,4,married,19.17215,72.81557,2,4,18.8,1,0,1,1,0
40,15.6,1,married,19.16189,72.60609,6,31,2.4,0,0,0,0,0
30,19.2,1,single,19.02403,72.99861,1,39,9.8,0,1,0,0,0
39,16.3,2,married,18.96202,73.03403,0,17,0.8,0,0,0,0,0
